id,title,content
1,Introduction to Flutter,Flutter is a framework used to build fast and modern mobile applications for Android and iOS.
2,Getting Started with Laravel,Laravel is a PHP framework that helps developers build secure and scalable web applications.
3,What is Full Stack Development,Full stack development means working on both frontend and backend parts of a system.
4,Understanding REST APIs,REST APIs allow different applications to communicate using HTTP requests and responses.
5,Mobile App Architecture,Mobile app architecture defines how the application components are organized and connected.
6,Web Backend Basics,A backend handles data storage authentication and business logic for applications.
7,Introduction to IoT Systems,IoT systems connect physical devices to the internet to collect and exchange data.
8,Using Arduino for IoT,Arduino boards are commonly used to build simple and low cost IoT prototypes.
9,Database Fundamentals,Databases store and manage application data in a structured and efficient way.
10,MySQL for Web Applications,MySQL is a popular relational database used in many web projects.
11,Flutter State Management,State management helps control how data changes and updates the user interface.
12,API Integration in Mobile Apps,Mobile apps often connect to backend servers using APIs to fetch and send data.
13,Authentication in Web Systems,Authentication verifies user identity before allowing access to protected resources.
14,Git Version Control Basics,Git helps developers track changes and collaborate on software projects.
15,Agile Software Development,Agile focuses on delivering software in small iterations and improving continuously.
16,Software Testing Overview,Testing ensures that applications work correctly and meet user requirements.
17,Clean Code Principles,Clean code is easy to read maintain and understand by other developers.
18,Introduction to Cloud Services,Cloud services allow applications to run on remote servers instead of local machines.
19,Building Admin Dashboards,Admin dashboards help manage data users and system settings efficiently.
20,Smart Recycling System,Smart recycling systems use IoT and software to track recyclable items and reward users.