id,title,clean_content
1,Introduction to Flutter,flutter is a framework used to build fast and modern mobile applications for android and ios
2,Getting Started with Laravel,laravel is a php framework that helps developers build secure and scalable web applications
3,What is Full Stack Development,full stack development means working on both frontend and backend parts of a system
4,Understanding REST APIs,rest apis allow different applications to communicate using http requests and responses
5,Mobile App Architecture,mobile app architecture defines how the application components are organized and connected
6,Web Backend Basics,a backend handles data storage authentication and business logic for applications
7,Introduction to IoT Systems,iot systems connect physical devices to the internet to collect and exchange data
8,Using Arduino for IoT,arduino boards are commonly used to build simple and low cost iot prototypes
9,Database Fundamentals,databases store and manage application data in a structured and efficient way
10,MySQL for Web Applications,mysql is a popular relational database used in many web projects
11,Flutter State Management,state management helps control how data changes and updates the user interface
12,API Integration in Mobile Apps,mobile apps often connect to backend servers using apis to fetch and send data
13,Authentication in Web Systems,authentication verifies user identity before allowing access to protected resources
14,Git Version Control Basics,git helps developers track changes and collaborate on software projects
15,Agile Software Development,agile focuses on delivering software in small iterations and improving continuously
16,Software Testing Overview,testing ensures that applications work correctly and meet user requirements
17,Clean Code Principles,clean code is easy to read maintain and understand by other developers
18,Introduction to Cloud Services,cloud services allow applications to run on remote servers instead of local machines
19,Building Admin Dashboards,admin dashboards help manage data users and system settings efficiently
20,Smart Recycling System,smart recycling systems use iot and software to track recyclable items and reward users
